dt,City,Latitude,Longitude,AverageTemperature,AverageTemperatureUncertainty
1770-05-01,A Coruña,42.59,-8.73,12.965,1.953
1770-05-01,Aachen,50.63,6.34,12.515,2.077
1770-05-01,Aalborg,57.05,10.33,11.125,1.804
1770-05-01,Aberdeen,57.05,-1.48,7.675000000000002,2.2159999999999997
1770-05-01,Afyonkarahisar,39.38,31.21,13.87,1.9680000000000002
1770-05-01,Aix En Provence,44.2,4.47,13.84,2.011
1770-05-01,Akron,40.99,-80.95,14.601,1.8019999999999998
1770-05-01,Albacete,39.38,-2.08,14.011,2.05
1770-05-01,Alcalá De Henares,40.99,-4.26,12.468,2.079
1770-05-01,Alcobendas,40.99,-4.26,12.468,2.079
1770-05-01,Alcorcón,40.99,-4.26,12.468,2.079
1770-05-01,Alexandria,39.38,-76.99,16.625999999999998,1.6119999999999999
1770-05-01,Algeciras,36.17,-5.97,17.405,2.029
1770-05-01,Algiers,36.17,3.98,17.467,2.158
1770-05-01,Allentown,40.99,-74.56,14.3,1.6019999999999999
1770-05-01,Almere,52.24,5.26,11.94,1.83
1770-05-01,Almería,36.17,-1.99,17.298000000000002,2.033
1770-05-01,Almetyevsk,55.45,51.02,11.366,2.485
1770-05-01,Amadora,39.38,-8.32,16.062,2.052
1770-05-01,Amersfoort,52.24,5.26,11.94,1.83
1770-05-01,Amiens,49.03,2.45,13.034,1.87
1770-05-01,Amsterdam,52.24,5.26,11.94,1.83
1770-05-01,Ancona,44.2,13.42,15.479000000000001,1.944
1770-05-01,Angers,47.42,-1.18,13.399,1.86
1770-05-01,Ankara,39.38,33.29,0.0,0.0
1770-05-01,Ann Arbor,42.59,-82.91,13.513,1.901
1770-05-01,Antwerp,50.63,3.8,12.842,1.903
1770-05-01,Apeldoorn,52.24,5.26,11.94,1.83
1770-05-01,Arad,45.81,21.92,14.484000000000002,1.982
1770-05-01,Arkhangelsk,65.09,40.21,4.791,2.278
1770-05-01,Arlington,39.38,-76.99,16.625999999999998,1.6119999999999999
1770-05-01,Armavir,45.81,40.38,15.481000000000002,2.136
1770-05-01,Arnhem,52.24,5.26,11.94,1.83
1770-05-01,Aryanah,36.17,9.94,19.551,2.06
1770-05-01,Arzamas,55.45,42.52,11.914000000000001,2.283
1770-05-01,Athens,37.78,24.41,18.574,1.9669999999999999
1770-05-01,Atlanta,34.56,-83.68,18.421,1.797
1770-05-01,Augsburg,47.42,10.66,8.802999999999997,2.0
1770-05-01,Aurora,40.99,-87.34,15.484000000000002,2.08
1770-05-01,Bacau,45.81,26.54,12.691999999999998,1.994
1770-05-01,Badajoz,39.38,-6.24,16.947999999999997,2.124
1770-05-01,Badalona,40.99,2.13,16.282,1.964
1770-05-01,Baia Mare,47.42,22.5,14.583,1.965
1770-05-01,Balakovo,52.24,47.3,13.42,2.4219999999999997
1770-05-01,Balashikha,55.45,36.85,11.208,2.0909999999999997
1770-05-01,Balti,47.42,27.24,14.403,2.001
1770-05-01,Baltimore,39.38,-76.99,16.625999999999998,1.6119999999999999
1770-05-01,Banja Luka,44.2,17.89,13.042,1.963
1770-05-01,Barcelona,40.99,2.13,16.282,1.964
1770-05-01,Bari,40.99,17.04,17.057000000000002,1.9880000000000002
1770-05-01,Barrie,44.2,-80.5,11.120999999999999,1.867
1770-05-01,Basel,47.42,8.29,10.878,2.082
1770-05-01,Basildon,52.24,0.0,10.672,2.112
1770-05-01,Bataysk,47.42,39.08,15.496,2.177
1770-05-01,Baton Rouge,29.74,-90.46,23.50800000000001,1.787
1770-05-01,Belfast,55.45,-5.67,8.181999999999999,2.394
1770-05-01,Belgorod,50.63,36.76,13.591,2.185
1770-05-01,Belgrade,44.2,20.12,14.568,1.9809999999999999
1770-05-01,Benghazi,32.95,20.11,19.812,1.966
1770-05-01,Berezniki,58.66,55.38,8.975,2.546
1770-05-01,Bergamo,45.81,10.38,13.245,1.9280000000000002
1770-05-01,Bergen,60.27,6.49,5.8450000000000015,1.974
1770-05-01,Bergisch Gladbach,50.63,6.34,12.515,2.077
1770-05-01,Berlin,52.24,13.14,13.427999999999999,1.9809999999999999
1770-05-01,Bern,47.42,8.29,10.878,2.082
1770-05-01,Besançon,47.42,5.92,12.585,2.106
1770-05-01,Bialystok,53.84,23.18,11.785,1.864
1770-05-01,Bielefeld,52.24,7.880000000000001,12.62,1.992
1770-05-01,Bielsko Biala,50.63,19.01,12.99,1.92
1770-05-01,Bila Tserkva,49.03,29.39,13.385,2.012
1770-05-01,Bilbao,42.59,-2.18,12.982999999999999,1.946
1770-05-01,Birmingham,32.95,-87.13,21.116,1.8780000000000001
1770-05-01,Birmingham,52.24,-2.63,10.0,2.259
1770-05-01,Blackburn,53.84,-1.36,9.743,2.2359999999999998
1770-05-01,Blackpool,53.84,-4.09,8.506,2.3680000000000003
1770-05-01,Bochum,52.24,7.880000000000001,12.62,1.992
1770-05-01,Bologna,44.2,11.18,14.568,1.944
1770-05-01,Bolton,53.84,-1.36,9.743,2.2359999999999998
1770-05-01,Bonn,50.63,6.34,12.515,2.077
1770-05-01,Bordeaux,44.2,0.0,14.353,1.9080000000000001
1770-05-01,Boston,42.59,-72.0,12.317,1.692
1770-05-01,Botosani,47.42,27.24,14.403,2.001
1770-05-01,Bottrop,52.24,7.880000000000001,12.62,1.992
1770-05-01,Boulogne Billancourt,49.03,2.45,13.034,1.87
1770-05-01,Bournemouth,50.63,-1.27,10.145,2.0269999999999997
1770-05-01,Bradford,53.84,-1.36,9.743,2.2359999999999998
1770-05-01,Braga,40.99,-8.52,14.117,2.0069999999999997
1770-05-01,Braila,45.81,28.85,15.286,2.0
1770-05-01,Brasov,45.81,26.54,12.691999999999998,1.994
1770-05-01,Bratislava,47.42,17.76,15.140999999999998,1.9140000000000001
1770-05-01,Breda,52.24,5.26,11.94,1.83
1770-05-01,Bremen,53.84,9.55,12.086,1.8940000000000001
1770-05-01,Bremerhaven,53.84,9.55,12.086,1.8940000000000001
1770-05-01,Brescia,45.81,10.38,13.245,1.9280000000000002
1770-05-01,Brest,49.03,-4.9,10.041,1.996
1770-05-01,Brest,52.24,23.65,12.783,1.902
1770-05-01,Bridgeport,40.99,-72.43,12.635000000000002,1.608
1770-05-01,Brighton,50.63,-1.27,10.145,2.0269999999999997
1770-05-01,Bristol,52.24,-2.63,10.0,2.259
1770-05-01,Brno,49.03,17.14,13.202000000000002,1.92
1770-05-01,Brugge,50.63,3.8,12.842,1.903
1770-05-01,Brunswick,52.24,10.51,12.406,2.0180000000000002
1770-05-01,Brussels,50.63,3.8,12.842,1.903
1770-05-01,Bryansk,53.84,34.09,11.931,2.055
1770-05-01,Bucharest,44.2,26.83,16.025,1.9880000000000002
1770-05-01,Budapest,47.42,20.13,15.213,1.942
1770-05-01,Buffalo,42.59,-78.55,12.509,1.749
1770-05-01,Burgas,42.59,28.36,13.796,1.929
1770-05-01,Burgos,42.59,-4.36,11.659,1.9680000000000002
1770-05-01,Bursa,39.38,29.13,13.978,1.94
1770-05-01,Buzau,45.81,26.54,12.691999999999998,1.994
1770-05-01,Bydgoszcz,53.84,17.73,12.607,1.86
1770-05-01,Bytom,50.63,19.01,12.99,1.92
1770-05-01,Cadiz,36.17,-5.97,17.405,2.029
1770-05-01,Caen,49.03,0.0,11.981,1.8730000000000002
1770-05-01,Cagliari,39.38,8.32,16.745,2.031
1770-05-01,Calgary,50.63,-112.82,0.0,0.0
1770-05-01,Cambridge,42.59,-72.0,12.317,1.692
1770-05-01,Cambridge,52.24,0.0,10.672,2.112
1770-05-01,Cape Coral,26.52,-82.39,23.594,1.626
1770-05-01,Cardiff,52.24,-2.63,10.0,2.259
1770-05-01,Cartagena,37.78,0.0,17.823,1.989
1770-05-01,Cary,36.17,-79.56,18.8,1.709
1770-05-01,Casablanca,32.95,-6.7,17.675,2.102
1770-05-01,Catania,37.78,14.24,16.21,2.025
1770-05-01,Cedar Rapids,42.59,-91.64,14.554,2.228
1770-05-01,Charleroi,50.63,3.8,12.842,1.903
1770-05-01,Charleston,32.95,-79.47,21.50800000000001,1.6980000000000002
1770-05-01,Charlotte,34.56,-81.73,20.263,1.7630000000000001
1770-05-01,Chattanooga,34.56,-85.62,19.314,1.867
1770-05-01,Cheboksary,55.45,48.19,12.008,2.434
1770-05-01,Chelmsford,52.24,0.0,10.672,2.112
1770-05-01,Cheltenham,52.24,-2.63,10.0,2.259
1770-05-01,Chemnitz,50.63,13.94,13.046,1.9980000000000002
1770-05-01,Cherepovets,58.66,36.92,9.578,2.02
1770-05-01,Cherkasy,49.03,31.84,13.909,2.065
1770-05-01,Chernihiv,52.24,31.53,12.987,2.021
1770-05-01,Chernivtsi,49.03,26.94,13.407,1.974
1770-05-01,Chesapeake,36.17,-75.58,18.111,1.618
1770-05-01,Chicago,42.59,-87.27,11.140999999999998,2.066
1770-05-01,Chisinau,47.42,29.61,14.608,2.0269999999999997
1770-05-01,Chorzow,50.63,19.01,12.99,1.92
1770-05-01,Cincinnati,39.38,-85.32,16.474,1.955
1770-05-01,Clarksville,36.17,-87.51,18.869,1.946
1770-05-01,Clearwater,28.13,-82.73,23.730999999999998,1.6669999999999998
1770-05-01,Clermont Ferrand,45.81,3.46,11.387,1.9880000000000002
1770-05-01,Cleveland,40.99,-80.95,14.601,1.8019999999999998
1770-05-01,Cluj Napoca,47.42,22.5,14.583,1.965
1770-05-01,Coimbra,40.99,-8.52,14.117,2.0069999999999997
1770-05-01,Colchester,52.24,0.0,10.672,2.112
1770-05-01,Cologne,50.63,6.34,12.515,2.077
1770-05-01,Columbia,34.56,-81.73,20.263,1.7630000000000001
1770-05-01,Columbus,32.95,-85.21,20.667,1.835
1770-05-01,Columbus,39.38,-83.24,16.39,1.8780000000000001
1770-05-01,Constanta,44.2,29.07,14.106,1.96
1770-05-01,Constantine,36.17,5.97,16.052,2.146
1770-05-01,Copenhagen,55.45,11.34,11.216,1.8259999999999998
1770-05-01,Coral Springs,26.52,-80.6,24.486,1.5959999999999999
1770-05-01,Cork,52.24,-7.880000000000001,10.22,2.252
1770-05-01,Cottbus,52.24,13.14,13.427999999999999,1.9809999999999999
1770-05-01,Coventry,52.24,-2.63,10.0,2.259
1770-05-01,Cracow,50.63,19.01,12.99,1.92
1770-05-01,Craiova,44.2,24.6,16.131,1.999
1770-05-01,Crawley,50.63,-1.27,10.145,2.0269999999999997
1770-05-01,Czestochowa,50.63,19.01,12.99,1.92
1770-05-01,Córdoba,37.78,-4.07,17.32,2.123
1770-05-01,Dabrowa Gornicza,50.63,19.01,12.99,1.92
1770-05-01,Darmstadt,50.63,8.87,12.629000000000001,2.263
1770-05-01,Daugavpils,55.45,25.51,11.178,1.844
1770-05-01,Dayton,39.38,-83.24,16.39,1.8780000000000001
1770-05-01,Debrecen,47.42,22.5,14.583,1.965
1770-05-01,Denizli,37.78,28.47,17.249000000000002,1.9509999999999998
1770-05-01,Derby,53.84,-1.36,9.743,2.2359999999999998
1770-05-01,Des Moines,40.99,-93.73,15.863,2.238
1770-05-01,Detroit,42.59,-82.91,13.513,1.901
1770-05-01,Dijon,47.42,5.92,12.585,2.106
1770-05-01,Dimitrovgrad,53.84,50.45,12.682,2.479
1770-05-01,Dordrecht,52.24,5.26,11.94,1.83
1770-05-01,Dortmund,52.24,7.880000000000001,12.62,1.992
1770-05-01,Dos Hermanas,37.78,-6.1,17.98,2.104
1770-05-01,Dresden,50.63,13.94,13.046,1.9980000000000002
1770-05-01,Drobeta Turnu Severin,44.2,22.36,14.515,1.993
1770-05-01,Dublin,53.84,-6.82,9.224,2.365
1770-05-01,Dudley,52.24,-2.63,10.0,2.259
1770-05-01,Duisburg,50.63,6.34,12.515,2.077
1770-05-01,Dundee,57.05,-4.43,8.187999999999999,2.3409999999999997
1770-05-01,Durham,36.17,-79.56,18.8,1.709
1770-05-01,Durrës,40.99,19.17,17.080000000000002,1.9980000000000002
1770-05-01,Dzerzhinsk,57.05,42.79,10.794,2.271
1770-05-01,Düsseldorf,50.63,6.34,12.515,2.077
1770-05-01,Eastbourne,50.63,1.27,10.497,1.901
1770-05-01,Ede,52.24,5.26,11.94,1.83
1770-05-01,Edinburgh,55.45,-2.8299999999999996,8.985000000000003,2.36
1770-05-01,Edirne,42.59,26.18,15.195,1.965
1770-05-01,Edison,40.99,-74.56,14.3,1.6019999999999999
1770-05-01,Edmonton,53.84,-113.18,0.0,0.0
1770-05-01,Eindhoven,52.24,5.26,11.94,1.83
1770-05-01,Elbasan,40.99,19.17,17.080000000000002,1.9980000000000002
1770-05-01,Elblag,53.84,20.45,12.319,1.85
1770-05-01,Elektrostal,55.45,39.69,11.850999999999999,2.198
1770-05-01,Elizabeth,40.99,-74.56,14.3,1.6019999999999999
1770-05-01,Emmen,52.24,7.880000000000001,12.62,1.992
1770-05-01,Engels,50.63,46.9,14.829,2.416
1770-05-01,Enschede,52.24,7.880000000000001,12.62,1.992
1770-05-01,Erfurt,50.63,11.41,12.100999999999999,2.0669999999999997
1770-05-01,Erlangen,49.03,9.8,13.32,2.082
1770-05-01,Esenyurt,40.99,27.69,15.511,1.925
1770-05-01,Eskisehir,39.38,31.21,13.87,1.9680000000000002
1770-05-01,Espoo,60.27,25.95,7.798999999999999,1.794
1770-05-01,Essen,50.63,6.34,12.515,2.077
1770-05-01,Evansville,37.78,-87.46,18.528,1.9780000000000002
1770-05-01,Exeter,50.63,-3.8,11.368,2.134
1770-05-01,Fayetteville,34.56,-79.78,20.678,1.7280000000000002
1770-05-01,Ferrara,44.2,11.18,14.568,1.944
1770-05-01,Fez,34.56,-5.84,17.771,2.03
1770-05-01,Flint,42.59,-82.91,13.513,1.901
1770-05-01,Florence,44.2,11.18,14.568,1.944
1770-05-01,Focsani,45.81,26.54,12.691999999999998,1.994
1770-05-01,Foggia,40.99,14.91,16.018,1.995
1770-05-01,Forlì,44.2,11.18,14.568,1.944
1770-05-01,Fort Collins,40.99,-104.38,0.0,0.0
1770-05-01,Fort Lauderdale,26.52,-80.6,24.486,1.5959999999999999
1770-05-01,Fort Wayne,40.99,-85.21,15.159,1.992
1770-05-01,Frankfurt,50.63,8.87,12.629000000000001,2.263
1770-05-01,Freiburg,47.42,8.29,10.878,2.082
1770-05-01,Fuenlabrada,40.99,-4.26,12.468,2.079
1770-05-01,Fürth,49.03,9.8,13.32,2.082
1770-05-01,Gainesville,29.74,-83.08,23.09800000000001,1.7
1770-05-01,Galati,45.81,28.85,15.286,2.0
1770-05-01,Gdansk,53.84,17.73,12.607,1.86
1770-05-01,Gdynia,53.84,17.73,12.607,1.86
1770-05-01,Gebze,40.99,29.82,15.371,1.922
1770-05-01,Gelsenkirchen,52.24,7.880000000000001,12.62,1.992
1770-05-01,Geneva,45.81,5.77,12.174000000000001,2.101
1770-05-01,Genoa,44.2,8.94,14.749,1.9609999999999999
1770-05-01,Gent,50.63,3.8,12.842,1.903
1770-05-01,Gera,50.63,11.41,12.100999999999999,2.0669999999999997
1770-05-01,Getafe,40.99,-4.26,12.468,2.079
1770-05-01,Gijón,44.2,-6.71,11.745,1.899
1770-05-01,Gillingham,50.63,1.27,10.497,1.901
1770-05-01,Giugliano In Campania,40.99,14.91,16.018,1.995
1770-05-01,Glasgow,55.45,-2.8299999999999996,8.985000000000003,2.36
1770-05-01,Glazov,58.66,52.31,8.908999999999997,2.5
1770-05-01,Gliwice,50.63,19.01,12.99,1.92
1770-05-01,Gloucester,52.24,-2.63,10.0,2.259
1770-05-01,Gomel,52.24,31.53,12.987,2.021
1770-05-01,Gorzow Wielkopolski,52.24,15.77,13.489,1.935
1770-05-01,Granada,37.78,-4.07,17.32,2.123
1770-05-01,Grand Rapids,42.59,-85.09,13.802999999999999,2.005
1770-05-01,Graz,47.42,15.39,11.919,1.9040000000000001
1770-05-01,Green Bay,44.2,-87.2,10.931,2.045
1770-05-01,Greensboro,36.17,-79.56,18.8,1.709
1770-05-01,Grenoble,45.81,5.77,12.174000000000001,2.101
1770-05-01,Groningen,53.84,6.82,9.985,1.84
1770-05-01,Guelph,44.2,-80.5,11.120999999999999,1.867
1770-05-01,Gyor,47.42,17.76,15.140999999999998,1.9140000000000001
1770-05-01,Göteborg,58.66,12.31,10.593,1.876
1770-05-01,Göttingen,52.24,10.51,12.406,2.0180000000000002
1770-05-01,Haarlem,52.24,5.26,11.94,1.83
1770-05-01,Haarlemmermeer,52.24,5.26,11.94,1.83
1770-05-01,Hagen,52.24,7.880000000000001,12.62,1.992
1770-05-01,Halifax,44.2,-62.61,6.347,1.714
1770-05-01,Halle,50.63,11.41,12.100999999999999,2.0669999999999997
1770-05-01,Hamburg,53.84,9.55,12.086,1.8940000000000001
1770-05-01,Hamilton,42.59,-80.73,12.081,1.821
1770-05-01,Hamm,52.24,7.880000000000001,12.62,1.992
1770-05-01,Hampton,36.17,-75.58,18.111,1.618
1770-05-01,Hanover,52.24,10.51,12.406,2.0180000000000002
1770-05-01,Hartford,40.99,-72.43,12.635000000000002,1.608
1770-05-01,Heidelberg,49.03,9.8,13.32,2.082
1770-05-01,Heilbronn,49.03,9.8,13.32,2.082
1770-05-01,Helsinki,60.27,25.95,7.798999999999999,1.794
1770-05-01,Herne,52.24,7.880000000000001,12.62,1.992
1770-05-01,Hialeah,26.52,-80.6,24.486,1.5959999999999999
1770-05-01,Hildesheim,52.24,10.51,12.406,2.0180000000000002
1770-05-01,Hollywood,26.52,-80.6,24.486,1.5959999999999999
1770-05-01,Horlivka,49.03,39.18,14.503,2.231
1770-05-01,Hrodna,53.84,23.18,11.785,1.864
1770-05-01,Huddersfield,53.84,-1.36,9.743,2.2359999999999998
1770-05-01,Huelva,37.78,-6.1,17.98,2.104
1770-05-01,Huntsville,34.56,-85.62,19.314,1.867
1770-05-01,Iasi,47.42,27.24,14.403,2.001
1770-05-01,Independence,39.38,-93.64,17.32,2.185
1770-05-01,Indianapolis,39.38,-85.32,16.474,1.955
1770-05-01,Inegol,39.38,29.13,13.978,1.94
1770-05-01,Ingolstadt,49.03,12.24,12.707,2.013
1770-05-01,Innsbruck,47.42,10.66,8.802999999999997,2.0
1770-05-01,Ipswich,52.24,0.0,10.672,2.112
1770-05-01,Istanbul,40.99,29.82,15.371,1.922
1770-05-01,Ivanovo,57.05,39.84,10.603,2.161
1770-05-01,Izhevsk,57.05,54.59,9.764,2.529
1770-05-01,Izmir,37.78,26.44,18.304000000000002,1.9269999999999998
1770-05-01,Izmit,40.99,29.82,15.371,1.922
1770-05-01,Jackson,32.95,-90.96,21.923000000000002,1.912
1770-05-01,Jacksonville,29.74,-81.23,22.91,1.671
1770-05-01,Jaén,37.78,-4.07,17.32,2.123
1770-05-01,Jerez,36.17,-5.97,17.405,2.029
1770-05-01,Jersey City,40.99,-74.56,14.3,1.6019999999999999
1770-05-01,Joliet,40.99,-87.34,15.484000000000002,2.08
1770-05-01,Kaliningrad,55.45,19.84,8.431999999999999,1.827
1770-05-01,Kalisz,52.24,18.39,13.268,1.9080000000000001
1770-05-01,Kallithéa,37.78,24.41,18.574,1.9669999999999999
1770-05-01,Kaluga,53.84,36.82,11.894,2.14
1770-05-01,Kamyshin,50.63,44.37,14.005,2.375
1770-05-01,Kansas City,39.38,-93.64,17.32,2.185
1770-05-01,Karlsruhe,49.03,7.35,13.347000000000001,2.122
1770-05-01,Kassel,50.63,8.87,12.629000000000001,2.263
1770-05-01,Katowice,50.63,19.01,12.99,1.92
1770-05-01,Kaunas,55.45,22.68,11.523,1.8259999999999998
1770-05-01,Kazan,55.45,48.19,12.008,2.434
1770-05-01,Kecskemét,47.42,20.13,15.213,1.942
1770-05-01,Kenitra,34.56,-5.84,17.771,2.03
1770-05-01,Kerch,45.81,35.77,13.868,2.056
1770-05-01,Kherson,47.42,31.97,14.783,2.064
1770-05-01,Khimki,55.45,36.85,11.208,2.0909999999999997
1770-05-01,Kiel,53.84,9.55,12.086,1.8940000000000001
1770-05-01,Kielce,50.63,21.55,12.977,1.9180000000000001
1770-05-01,Kiev,50.63,31.69,13.952,2.043
1770-05-01,Kingston,44.2,-76.02,11.626,1.76
1770-05-01,Kingston Upon Hull,53.84,-1.36,9.743,2.2359999999999998
1770-05-01,Kirov,58.66,49.23,9.586,2.444
1770-05-01,Kirovohrad,49.03,31.84,13.909,2.065
1770-05-01,Kitchener,44.2,-80.5,11.120999999999999,1.867
1770-05-01,Klaipeda,55.45,19.84,8.431999999999999,1.827
1770-05-01,Knoxville,36.17,-83.54,17.291999999999998,1.818
1770-05-01,Koblenz,50.63,6.34,12.515,2.077
1770-05-01,Kolomna,55.45,39.69,11.850999999999999,2.198
1770-05-01,Kolpino,60.27,29.19,8.306000000000001,1.755
1770-05-01,Kosice,49.03,22.04,12.937000000000001,1.936
1770-05-01,Kostroma,57.05,39.84,10.603,2.161
1770-05-01,Koszalin,53.84,15.0,11.898,1.8880000000000001
1770-05-01,Kovrov,57.05,42.79,10.794,2.271
1770-05-01,Kragujevac,44.2,20.12,14.568,1.9809999999999999
1770-05-01,Krasnodar,45.81,38.08,15.802,2.081
1770-05-01,Krefeld,50.63,6.34,12.515,2.077
1770-05-01,Kremenchuk,49.03,34.29,14.357000000000001,2.119
1770-05-01,Kryvyy Rih,47.42,34.34,14.599,2.099
1770-05-01,Kumanovo,42.59,21.82,13.822,1.9969999999999999
1770-05-01,Kursk,52.24,36.79,12.606,2.169
1770-05-01,Kütahya,39.38,29.13,13.978,1.94
1770-05-01,Lansing,42.59,-85.09,13.802999999999999,2.005
1770-05-01,Latina,40.99,12.78,16.385,1.996
1770-05-01,Lausanne,45.81,5.77,12.174000000000001,2.101
1770-05-01,Le Havre,49.03,0.0,11.981,1.8730000000000002
1770-05-01,Le Mans,47.42,1.18,13.285,1.8730000000000002
1770-05-01,Leeds,53.84,-1.36,9.743,2.2359999999999998
1770-05-01,Leganés,40.99,-4.26,12.468,2.079
1770-05-01,Leghorn,44.2,11.18,14.568,1.944
1770-05-01,Legnica,50.63,16.48,11.86,1.9509999999999998
1770-05-01,Leicester,52.24,0.0,10.672,2.112
1770-05-01,Leiden,52.24,5.26,11.94,1.83
1770-05-01,Leipzig,50.63,11.41,12.100999999999999,2.0669999999999997
1770-05-01,Leverkusen,50.63,6.34,12.515,2.077
1770-05-01,Lexington Fayette,37.78,-85.42,17.852999999999994,1.9169999999999998
1770-05-01,León,42.59,-6.55,12.45,1.984
1770-05-01,Lille,50.63,3.8,12.842,1.903
1770-05-01,Limoges,45.81,1.15,12.704999999999998,1.906
1770-05-01,Lincoln,40.99,-95.86,16.207,2.303
1770-05-01,Linz,49.03,14.69,11.83,1.945
1770-05-01,Lipetsk,52.24,39.42,13.015999999999998,2.25
1770-05-01,Lisbon,39.38,-8.32,16.062,2.052
1770-05-01,Little Rock,34.56,-91.46,20.916,1.962
1770-05-01,Liverpool,53.84,-4.09,8.506,2.3680000000000003
1770-05-01,Liège,50.63,6.34,12.515,2.077
1770-05-01,Ljubljana,45.81,15.0,13.649000000000001,1.916
1770-05-01,Lleida,40.99,0.0,16.026,1.964
1770-05-01,Logroño,42.59,-2.18,12.982999999999999,1.946
1770-05-01,London,42.59,-80.73,12.081,1.821
1770-05-01,London,52.24,0.0,10.672,2.112
1770-05-01,Louisville,37.78,-85.42,17.852999999999994,1.9169999999999998
1770-05-01,Lowell,42.59,-72.0,12.317,1.692
1770-05-01,Lublin,50.63,21.55,12.977,1.9180000000000001
1770-05-01,Ludwigshafen,49.03,7.35,13.347000000000001,2.122
1770-05-01,Luton,52.24,0.0,10.672,2.112
1770-05-01,Lvov,50.63,24.08,12.970999999999998,1.933
1770-05-01,Lyon,45.81,5.77,12.174000000000001,2.101
1770-05-01,Lyubertsy,55.45,36.85,11.208,2.0909999999999997
1770-05-01,Lárisa,39.38,22.89,17.78,1.9969999999999999
1770-05-01,Lübeck,53.84,9.55,12.086,1.8940000000000001
1770-05-01,Maastricht,50.63,6.34,12.515,2.077
1770-05-01,Madison,42.59,-89.45,14.107000000000001,2.154
1770-05-01,Madrid,40.99,-4.26,12.468,2.079
1770-05-01,Magdeburg,52.24,10.51,12.406,2.0180000000000002
1770-05-01,Mainz,50.63,8.87,12.629000000000001,2.263
1770-05-01,Makiyivka,47.42,39.08,15.496,2.177
1770-05-01,Malmö,55.45,14.17,9.84,1.85
1770-05-01,Manchester,42.59,-72.0,12.317,1.692
1770-05-01,Manchester,53.84,-1.36,9.743,2.2359999999999998
1770-05-01,Manisa,39.38,27.05,17.647000000000006,1.921
1770-05-01,Mannheim,49.03,7.35,13.347000000000001,2.122
1770-05-01,Marbella,36.17,-3.98,16.773,2.043
1770-05-01,Marseille,42.59,6.55,15.429,2.008
1770-05-01,Mataró,40.99,2.13,16.282,1.964
1770-05-01,Maykop,44.2,40.25,13.413,2.065
1770-05-01,Mazyr,52.24,28.91,13.023,1.9669999999999999
1770-05-01,Memphis,34.56,-89.51,20.487,1.9480000000000002
1770-05-01,Messina,37.78,16.27,16.639,1.9969999999999999
1770-05-01,Metairie,29.74,-90.46,23.50800000000001,1.787
1770-05-01,Metz,49.03,7.35,13.347000000000001,2.122
1770-05-01,Miami,26.52,-80.6,24.486,1.5959999999999999
1770-05-01,Middlesbrough,53.84,-1.36,9.743,2.2359999999999998
1770-05-01,Milan,45.81,8.08,10.073,1.999
1770-05-01,Milwaukee,42.59,-87.27,11.140999999999998,2.066
1770-05-01,Minneapolis,45.81,-93.46,12.22,2.305
1770-05-01,Minsk,53.84,28.64,11.812999999999999,1.9280000000000002
1770-05-01,Miramar,26.52,-80.6,24.486,1.5959999999999999
1770-05-01,Miskolc,47.42,20.13,15.213,1.942
1770-05-01,Misratah,32.95,14.36,19.878,1.994
1770-05-01,Mobile,31.35,-88.59,22.013,1.8330000000000002
1770-05-01,Modena,44.2,11.18,14.568,1.944
1770-05-01,Moers,50.63,6.34,12.515,2.077
1770-05-01,Montgomery,32.95,-87.13,21.116,1.8780000000000001
1770-05-01,Montpellier,44.2,4.47,13.84,2.011
1770-05-01,Montreal,45.81,-72.69,10.994000000000002,1.817
1770-05-01,Monza,45.81,10.38,13.245,1.9280000000000002
1770-05-01,Moscow,55.45,36.85,11.208,2.0909999999999997
1770-05-01,Mostar,42.59,17.45,17.537,1.982
1770-05-01,Mulhouse,47.42,8.29,10.878,2.082
1770-05-01,Munich,47.42,10.66,8.802999999999997,2.0
1770-05-01,Murcia,37.78,-2.03,16.366,2.041
1770-05-01,Murmansk,68.31,34.7,3.248,2.2880000000000003
1770-05-01,Murom,55.45,42.52,11.914000000000001,2.283
1770-05-01,Mytishchi,55.45,36.85,11.208,2.0909999999999997
1770-05-01,Málaga,36.17,-3.98,16.773,2.043
1770-05-01,Médéa,36.17,1.99,17.674,2.133
1770-05-01,Móstoles,40.99,-4.26,12.468,2.079
1770-05-01,Mönchengladbach,50.63,6.34,12.515,2.077
1770-05-01,Mülheim,50.63,6.34,12.515,2.077
1770-05-01,Münster,52.24,7.880000000000001,12.62,1.992
1770-05-01,Nador,34.56,-3.89,16.988,2.0669999999999997
1770-05-01,Namur,50.63,3.8,12.842,1.903
1770-05-01,Nancy,49.03,7.35,13.347000000000001,2.122
1770-05-01,Nantes,47.42,-1.18,13.399,1.86
1770-05-01,Naperville,40.99,-87.34,15.484000000000002,2.08
1770-05-01,Naples,40.99,14.91,16.018,1.995
1770-05-01,Nashville,36.17,-87.51,18.869,1.946
1770-05-01,Nassau,24.92,-78.03,25.409,1.587
1770-05-01,Nazilli,37.78,28.47,17.249000000000002,1.9509999999999998
1770-05-01,Neftekamsk,55.45,53.86,11.140999999999998,2.519
1770-05-01,Neuss,50.63,6.34,12.515,2.077
1770-05-01,New Haven,40.99,-72.43,12.635000000000002,1.608
1770-05-01,New Orleans,29.74,-90.46,23.50800000000001,1.787
1770-05-01,New York,40.99,-74.56,14.3,1.6019999999999999
1770-05-01,Newark,40.99,-74.56,14.3,1.6019999999999999
1770-05-01,Newcastle Upon Tyne,55.45,-2.8299999999999996,8.985000000000003,2.36
1770-05-01,Newport,52.24,-2.63,10.0,2.259
1770-05-01,Newport News,37.78,-77.29,18.125999999999998,1.624
1770-05-01,Nice,44.2,6.71,11.593,2.028
1770-05-01,Nijmegen,52.24,5.26,11.94,1.83
1770-05-01,Nis,42.59,21.82,13.822,1.9969999999999999
1770-05-01,Nizhnekamsk,55.45,51.02,11.366,2.485
1770-05-01,Nizhniy Novgorod,57.05,42.79,10.794,2.271
1770-05-01,Noginsk,55.45,39.69,11.850999999999999,2.198
1770-05-01,Norfolk,36.17,-75.58,18.111,1.618
1770-05-01,Northampton,52.24,0.0,10.672,2.112
1770-05-01,Norwich,52.24,0.0,10.672,2.112
1770-05-01,Nottingham,53.84,-1.36,9.743,2.2359999999999998
1770-05-01,Novara,45.81,8.08,10.073,1.999
1770-05-01,Novi Sad,45.81,19.62,15.932,1.955
1770-05-01,Novocheboksarsk,55.45,48.19,12.008,2.434
1770-05-01,Novocherkassk,47.42,39.08,15.496,2.177
1770-05-01,Novomoskovsk,53.84,39.55,12.345999999999998,2.2319999999999998
1770-05-01,Novorossiysk,44.2,38.01,14.206,2.0180000000000002
1770-05-01,Nuremberg,49.03,12.24,12.707,2.013
1770-05-01,Nyíregyháza,47.42,22.5,14.583,1.965
1770-05-01,Nîmes,44.2,4.47,13.84,2.011
1770-05-01,Oberhausen,50.63,6.34,12.515,2.077
1770-05-01,Obninsk,55.45,36.85,11.208,2.0909999999999997
1770-05-01,Odense,55.45,11.34,11.216,1.8259999999999998
1770-05-01,Odesa,45.81,31.15,13.334000000000001,2.02
1770-05-01,Odintsovo,55.45,36.85,11.208,2.0909999999999997
1770-05-01,Offenbach,50.63,8.87,12.629000000000001,2.263
1770-05-01,Oklahoma City,36.17,-97.46,0.0,0.0
1770-05-01,Oktyabrskiy,53.84,53.18,11.925999999999998,2.497
1770-05-01,Olathe,39.38,-95.72,17.292,2.2430000000000003
1770-05-01,Oldenburg,52.24,7.880000000000001,12.62,1.992
1770-05-01,Oldham,53.84,-1.36,9.743,2.2359999999999998
1770-05-01,Olomouc,49.03,17.14,13.202000000000002,1.92
1770-05-01,Olsztyn,53.84,20.45,12.319,1.85
1770-05-01,Omaha,40.99,-95.86,16.207,2.303
1770-05-01,Opole,50.63,19.01,12.99,1.92
1770-05-01,Oradea,47.42,22.5,14.583,1.965
1770-05-01,Orekhovo Zuevo,55.45,39.69,11.850999999999999,2.198
1770-05-01,Orlando,28.13,-80.91,24.208000000000002,1.629
1770-05-01,Orléans,47.42,1.18,13.285,1.8730000000000002
1770-05-01,Orsha,53.84,31.36,11.964,1.983
1770-05-01,Orël,52.24,36.79,12.606,2.169
1770-05-01,Oshawa,44.2,-78.26,11.371,1.7990000000000002
1770-05-01,Oslo,60.27,9.73,7.643,1.964
1770-05-01,Osnabrück,52.24,7.880000000000001,12.62,1.992
1770-05-01,Ostrava,50.63,19.01,12.99,1.92
1770-05-01,Ottawa,45.81,-75.0,10.567,1.829
1770-05-01,Oulu,65.09,24.89,6.2120000000000015,2.194
1770-05-01,Overland Park,39.38,-93.64,17.32,2.185
1770-05-01,Oviedo,42.59,-6.55,12.45,1.984
1770-05-01,Oxford,52.24,0.0,10.672,2.112
1770-05-01,Paderborn,52.24,7.880000000000001,12.62,1.992
1770-05-01,Padova,45.81,12.69,15.074000000000002,1.922
1770-05-01,Palermo,37.78,14.24,16.21,2.025
1770-05-01,Palma,39.38,2.08,17.282,1.969
1770-05-01,Pamplona,42.59,-2.18,12.982999999999999,1.946
1770-05-01,Panevezys,55.45,25.51,11.178,1.844
1770-05-01,Paris,49.03,2.45,13.034,1.87
1770-05-01,Parma,44.2,11.18,14.568,1.944
1770-05-01,Paterson,40.99,-74.56,14.3,1.6019999999999999
1770-05-01,Pavlohrad,49.03,36.73,14.332,2.173
1770-05-01,Pembroke Pines,26.52,-80.6,24.486,1.5959999999999999
1770-05-01,Penza,53.84,45.0,12.217,2.371
1770-05-01,Peoria,40.99,-89.47,15.873,2.141
1770-05-01,Peristérion,37.78,24.41,18.574,1.9669999999999999
1770-05-01,Perm,58.66,55.38,8.975,2.546
1770-05-01,Perpignan,42.59,2.18,12.678999999999998,1.9609999999999999
1770-05-01,Perugia,42.59,13.09,14.175999999999998,1.9769999999999999
1770-05-01,Pescara,42.59,15.27,16.535,1.974
1770-05-01,Peterborough,52.24,0.0,10.672,2.112
1770-05-01,Petrozavodsk,61.88,35.66,6.478,2.016
1770-05-01,Pforzheim,49.03,9.8,13.32,2.082
1770-05-01,Philadelphia,39.38,-74.91,15.653,1.556
1770-05-01,Piatra Neamt,47.42,27.24,14.403,2.001
1770-05-01,Pinsk,52.24,26.28,12.861,1.925
1770-05-01,Pitesti,44.2,24.6,16.131,1.999
1770-05-01,Pittsburgh,40.99,-80.95,14.601,1.8019999999999998
1770-05-01,Pleven,44.2,24.6,16.131,1.999
1770-05-01,Plock,52.24,18.39,13.268,1.9080000000000001
1770-05-01,Ploiesti,45.81,26.54,12.691999999999998,1.994
1770-05-01,Plovdiv,42.59,24.0,11.747,1.989
1770-05-01,Plymouth,50.63,-3.8,11.368,2.134
1770-05-01,Plzen,50.63,13.94,13.046,1.9980000000000002
1770-05-01,Podgorica,42.59,19.64,13.809000000000001,1.99
1770-05-01,Podolsk,55.45,36.85,11.208,2.0909999999999997
1770-05-01,Poltava,49.03,34.29,14.357000000000001,2.119
1770-05-01,Poole,50.63,-1.27,10.145,2.0269999999999997
1770-05-01,Port Saint Lucie,26.52,-80.6,24.486,1.5959999999999999
1770-05-01,Porto,40.99,-8.52,14.117,2.0069999999999997
1770-05-01,Portsmouth,50.63,-1.27,10.145,2.0269999999999997
1770-05-01,Potsdam,52.24,13.14,13.427999999999999,1.9809999999999999
1770-05-01,Poznan,52.24,15.77,13.489,1.935
1770-05-01,Prague,50.63,13.94,13.046,1.9980000000000002
1770-05-01,Prato,44.2,11.18,14.568,1.944
1770-05-01,Preston,53.84,-1.36,9.743,2.2359999999999998
1770-05-01,Pristina,42.59,21.82,13.822,1.9969999999999999
1770-05-01,Prizren,42.59,21.82,13.822,1.9969999999999999
1770-05-01,Providence,42.59,-72.0,12.317,1.692
1770-05-01,Pskov,57.05,28.03,10.898,1.8090000000000002
1770-05-01,Pátrai,37.78,22.37,16.557000000000002,1.989
1770-05-01,Pécs,45.81,17.31,15.584000000000001,1.926
1770-05-01,Qabis,34.56,9.73,21.279,2.0709999999999997
1770-05-01,Quebec,47.42,-72.24,7.93,1.859
1770-05-01,Queluz,39.38,-8.32,16.062,2.052
1770-05-01,Rabat,34.56,-5.84,17.771,2.03
1770-05-01,Radom,50.63,21.55,12.977,1.9180000000000001
1770-05-01,Raleigh,36.17,-79.56,18.8,1.709
1770-05-01,Ramnicu Valcea,45.81,24.23,11.703,1.99
1770-05-01,Ratisbon,49.03,12.24,12.707,2.013
1770-05-01,Ravenna,44.2,11.18,14.568,1.944
1770-05-01,Reading,50.63,-1.27,10.145,2.0269999999999997
1770-05-01,Recklinghausen,52.24,7.880000000000001,12.62,1.992
1770-05-01,Reggio Di Calabria,37.78,16.27,16.639,1.9969999999999999
1770-05-01,Regina,50.63,-105.21,0.0,0.0
1770-05-01,Reims,49.03,4.9,13.16,2.003
1770-05-01,Remscheid,50.63,6.34,12.515,2.077
1770-05-01,Rennes,47.42,-1.18,13.399,1.86
1770-05-01,Reutlingen,49.03,9.8,13.32,2.082
1770-05-01,Reykjavík,65.09,-21.06,4.2349999999999985,2.2
1770-05-01,Richmond,37.78,-77.29,18.125999999999998,1.624
1770-05-01,Riga,57.05,25.08,10.849,1.801
1770-05-01,Rijeka,45.81,15.0,13.649000000000001,1.916
1770-05-01,Rimini,44.2,13.42,15.479000000000001,1.944
1770-05-01,Rivne,50.63,26.62,13.106,1.966
1770-05-01,Rochester,42.59,-78.55,12.509,1.749
1770-05-01,Rockford,42.59,-89.45,14.107000000000001,2.154
1770-05-01,Rome,42.59,13.09,14.175999999999998,1.9769999999999999
1770-05-01,Rostock,53.84,12.27,12.457,1.911
1770-05-01,Rostov Na Donu,47.42,39.08,15.496,2.177
1770-05-01,Rotherham,53.84,-1.36,9.743,2.2359999999999998
1770-05-01,Rotterdam,52.24,5.26,11.94,1.83
1770-05-01,Rouen,49.03,0.0,11.981,1.8730000000000002
1770-05-01,Ruda Slaska,50.63,19.01,12.99,1.92
1770-05-01,Ruse,44.2,26.83,16.025,1.9880000000000002
1770-05-01,Ryazan,53.84,39.55,12.345999999999998,2.2319999999999998
1770-05-01,Rybinsk,58.66,40.0,10.033,2.153
1770-05-01,Rybnik,50.63,19.01,12.99,1.92
1770-05-01,Rzeszow,50.63,21.55,12.977,1.9180000000000001
1770-05-01,Saarbrücken,49.03,7.35,13.347000000000001,2.122
1770-05-01,Sabadell,40.99,2.13,16.282,1.964
1770-05-01,Sabratah,32.95,12.45,20.183,2.0180000000000002
1770-05-01,Safaqis,34.56,11.68,18.744,2.022
1770-05-01,Saint Helens,53.84,-4.09,8.506,2.3680000000000003
1770-05-01,Saint Louis,39.38,-89.48,17.378,2.093
1770-05-01,Saint Paul,45.81,-93.46,12.22,2.305
1770-05-01,Saint Petersburg,28.13,-82.73,23.730999999999998,1.6669999999999998
1770-05-01,Saint Petersburg,60.27,29.19,8.306000000000001,1.755
1770-05-01,Saint Étienne,45.81,3.46,11.387,1.9880000000000002
1770-05-01,Salamanca,40.99,-6.39,12.717,2.073
1770-05-01,Salerno,40.99,14.91,16.018,1.995
1770-05-01,Salihorsk,52.24,26.28,12.861,1.925
1770-05-01,Salzburg,47.42,13.03,9.061,1.931
1770-05-01,Salzgitter,52.24,10.51,12.406,2.0180000000000002
1770-05-01,Samara,53.84,50.45,12.682,2.479
1770-05-01,Santander,44.2,-4.47,12.556,1.89
1770-05-01,Sarajevo,44.2,17.89,13.042,1.963
1770-05-01,Saransk,53.84,45.0,12.217,2.371
1770-05-01,Sarapul,57.05,54.59,9.764,2.529
1770-05-01,Saratov,52.24,47.3,13.42,2.4219999999999997
1770-05-01,Saskatoon,52.24,-107.74,0.0,0.0
1770-05-01,Sassari,40.99,8.52,15.964000000000002,2.01
1770-05-01,Satu Mare,47.42,22.5,14.583,1.965
1770-05-01,Savannah,31.35,-81.05,21.94,1.6909999999999998
1770-05-01,Sergiyev Posad,57.05,36.89,10.726,2.049
1770-05-01,Serpukhov,55.45,36.85,11.208,2.0909999999999997
1770-05-01,Setúbal,39.38,-8.32,16.062,2.052
1770-05-01,Severodvinsk,65.09,40.21,4.791,2.278
1770-05-01,Sevilla,37.78,-6.1,17.98,2.104
1770-05-01,Shakhty,47.42,39.08,15.496,2.177
1770-05-01,Sheffield,53.84,-1.36,9.743,2.2359999999999998
1770-05-01,Sherbrooke,45.81,-72.69,10.994000000000002,1.817
1770-05-01,Shreveport,32.95,-92.87,21.421000000000006,1.925
1770-05-01,Siauliai,55.45,22.68,11.523,1.8259999999999998
1770-05-01,Sibiu,45.81,24.23,11.703,1.99
1770-05-01,Siegen,50.63,8.87,12.629000000000001,2.263
1770-05-01,Sioux Falls,44.2,-96.15,13.39,2.388
1770-05-01,Skopje,42.59,21.82,13.822,1.9969999999999999
1770-05-01,Slough,52.24,0.0,10.672,2.112
1770-05-01,Smolensk,55.45,31.18,11.339,1.925
1770-05-01,Sochi,44.2,40.25,13.413,2.065
1770-05-01,Sofia,42.59,24.0,11.747,1.989
1770-05-01,Solikamsk,60.27,58.38,6.62,2.583
1770-05-01,Solingen,50.63,6.34,12.515,2.077
1770-05-01,Sosnowiec,50.63,19.01,12.99,1.92
1770-05-01,South Bend,40.99,-85.21,15.159,1.992
1770-05-01,Southampton,50.63,-1.27,10.145,2.0269999999999997
1770-05-01,Southend On Sea,52.24,0.0,10.672,2.112
1770-05-01,Split,44.2,15.65,15.989,1.942
1770-05-01,Springfield,37.78,-93.56,17.836,2.1180000000000003
1770-05-01,Springfield,39.38,-89.48,17.378,2.093
1770-05-01,Springfield,42.59,-72.0,12.317,1.692
1770-05-01,Stamford,40.99,-74.56,14.3,1.6019999999999999
1770-05-01,Stara Zagora,42.59,26.18,15.195,1.965
1770-05-01,Staryy Oskol,50.63,36.76,13.591,2.185
1770-05-01,Stavanger,58.66,6.15,8.827,1.8619999999999999
1770-05-01,Sterling Heights,42.59,-82.91,13.513,1.901
1770-05-01,Stockholm,58.66,18.46,7.481,1.815
1770-05-01,Stockport,53.84,-1.36,9.743,2.2359999999999998
1770-05-01,Stoke On Trent,52.24,-2.63,10.0,2.259
1770-05-01,Strasbourg,49.03,7.35,13.347000000000001,2.122
1770-05-01,Stuttgart,49.03,9.8,13.32,2.082
1770-05-01,Suceava,47.42,27.24,14.403,2.001
1770-05-01,Sudbury,45.81,-81.92,8.487,1.8980000000000001
1770-05-01,Sumy,50.63,34.23,13.667,2.124
1770-05-01,Sunderland,55.45,-2.8299999999999996,8.985000000000003,2.36
1770-05-01,Surt,31.35,16.96,20.358,1.9380000000000002
1770-05-01,Susah,36.17,9.94,19.551,2.06
1770-05-01,Sutton Coldfield,52.24,-2.63,10.0,2.259
1770-05-01,Swansea,52.24,-5.26,8.71,2.253
1770-05-01,Swindon,52.24,-2.63,10.0,2.259
1770-05-01,Syktyvkar,61.88,49.25,7.1110000000000015,2.441
1770-05-01,Syracuse,37.78,16.27,16.639,1.9969999999999999
1770-05-01,Syracuse,42.59,-76.36,12.581,1.7069999999999999
1770-05-01,Syzran,53.84,47.73,12.223,2.425
1770-05-01,Szczecin,53.84,15.0,11.898,1.8880000000000001
1770-05-01,Szeged,45.81,19.62,15.932,1.955
1770-05-01,Székesfehérvár,47.42,17.76,15.140999999999998,1.9140000000000001
1770-05-01,Taganrog,47.42,39.08,15.496,2.177
1770-05-01,Tallahassee,29.74,-84.92,22.656999999999996,1.733
1770-05-01,Tallinn,58.66,24.62,10.790999999999999,1.768
1770-05-01,Tambov,52.24,42.04,13.245,2.326
1770-05-01,Tampa,28.13,-82.73,23.730999999999998,1.6669999999999998
1770-05-01,Tampere,61.88,22.08,8.896,2.032
1770-05-01,Tangier,36.17,-5.97,17.405,2.029
1770-05-01,Taranto,40.99,17.04,17.057000000000002,1.9880000000000002
1770-05-01,Targu Mures,45.81,24.23,11.703,1.99
1770-05-01,Tarhunah,32.95,14.36,19.878,1.994
1770-05-01,Tarnow,50.63,21.55,12.977,1.9180000000000001
1770-05-01,Tarragona,40.99,2.13,16.282,1.964
1770-05-01,Tartu,58.66,27.69,9.959,1.761
1770-05-01,Tekirdag,40.99,27.69,15.511,1.925
1770-05-01,Terni,42.59,13.09,14.175999999999998,1.9769999999999999
1770-05-01,Terrassa,40.99,2.13,16.282,1.964
1770-05-01,The Hague,52.24,5.26,11.94,1.83
1770-05-01,Thessaloníki,40.99,23.43,17.259,1.982
1770-05-01,Tighina,47.42,29.61,14.608,2.0269999999999997
1770-05-01,Tilburg,52.24,5.26,11.94,1.83
1770-05-01,Timisoara,45.81,21.92,14.484000000000002,1.982
1770-05-01,Tirana,40.99,19.17,17.080000000000002,1.9980000000000002
1770-05-01,Toledo,40.99,-83.08,14.857,1.8969999999999998
1770-05-01,Tolyatti,53.84,50.45,12.682,2.479
1770-05-01,Toms River,39.38,-74.91,15.653,1.556
1770-05-01,Topeka,39.38,-95.72,17.292,2.2430000000000003
1770-05-01,Toronto,44.2,-80.5,11.120999999999999,1.867
1770-05-01,Torrejón De Ardoz,40.99,-4.26,12.468,2.079
1770-05-01,Torun,52.24,18.39,13.268,1.9080000000000001
1770-05-01,Toulon,42.59,6.55,15.429,2.008
1770-05-01,Toulouse,44.2,2.24,12.622,1.9569999999999999
1770-05-01,Tours,47.42,1.18,13.285,1.8730000000000002
1770-05-01,Trento,45.81,10.38,13.245,1.9280000000000002
1770-05-01,Trier,49.03,7.35,13.347000000000001,2.122
1770-05-01,Trieste,45.81,12.69,15.074000000000002,1.922
1770-05-01,Tripoli,32.95,12.45,20.183,2.0180000000000002
1770-05-01,Trois Rivières,45.81,-72.69,10.994000000000002,1.817
1770-05-01,Trondheim,63.49,9.0,8.382,2.1830000000000003
1770-05-01,Tula,53.84,36.82,11.894,2.14
1770-05-01,Tulsa,36.17,-95.47,19.552,2.07
1770-05-01,Tunis,36.17,9.94,19.551,2.06
1770-05-01,Turgutlu,37.78,28.47,17.249000000000002,1.9509999999999998
1770-05-01,Turin,45.81,8.08,10.073,1.999
1770-05-01,Turku,60.27,22.7,8.795,1.851
1770-05-01,Tuzla,44.2,17.89,13.042,1.963
1770-05-01,Tver,57.05,36.89,10.726,2.049
1770-05-01,Tychy,50.63,19.01,12.99,1.92
1770-05-01,Tétouan,36.17,-5.97,17.405,2.029
1770-05-01,Ufa,55.45,56.69,0.0,0.0
1770-05-01,Ukhta,63.49,52.2,5.182,2.529
1770-05-01,Ulm,49.03,9.8,13.32,2.082
1770-05-01,Ulyanovsk,53.84,47.73,12.223,2.425
1770-05-01,Uppsala,60.27,16.22,9.168,2.0340000000000003
1770-05-01,Usak,39.38,29.13,13.978,1.94
1770-05-01,Utrecht,52.24,5.26,11.94,1.83
1770-05-01,Uzhhorod,49.03,22.04,12.937000000000001,1.936
1770-05-01,Valencia,39.38,0.0,16.825,1.962
1770-05-01,Valladolid,40.99,-4.26,12.468,2.079
1770-05-01,Varna,42.59,28.36,13.796,1.929
1770-05-01,Velikie Luki,57.05,30.98,10.731,1.868
1770-05-01,Velikiy Novgorod,58.66,30.77,10.255,1.7819999999999998
1770-05-01,Venice,45.81,12.69,15.074000000000002,1.922
1770-05-01,Verona,45.81,10.38,13.245,1.9280000000000002
1770-05-01,Vicenza,45.81,12.69,15.074000000000002,1.922
1770-05-01,Vienna,49.03,17.14,13.202000000000002,1.92
1770-05-01,Vigo,42.59,-8.73,12.965,1.953
1770-05-01,Villeurbanne,45.81,5.77,12.174000000000001,2.101
1770-05-01,Vilnius,55.45,25.51,11.178,1.844
1770-05-01,Vinnitsa,49.03,29.39,13.385,2.012
1770-05-01,Vinnytsya,49.03,29.39,13.385,2.012
1770-05-01,Virginia Beach,36.17,-75.58,18.111,1.618
1770-05-01,Vitoria,42.59,-2.18,12.982999999999999,1.946
1770-05-01,Vladimir,55.45,39.69,11.850999999999999,2.198
1770-05-01,Volgodonsk,47.42,41.45,15.373,2.224
1770-05-01,Volgograd,49.03,44.08,15.466,2.35
1770-05-01,Vologda,58.66,40.0,10.033,2.153
1770-05-01,Volzhskiy,49.03,44.08,15.466,2.35
1770-05-01,Voronezh,52.24,39.42,13.015999999999998,2.25
1770-05-01,Västerås,60.27,16.22,9.168,2.0340000000000003
1770-05-01,Wahran,36.17,0.0,17.515,2.0469999999999997
1770-05-01,Walbrzych,50.63,16.48,11.86,1.9509999999999998
1770-05-01,Walsall,52.24,-2.63,10.0,2.259
1770-05-01,Warqla,31.35,5.65,26.983,2.138
1770-05-01,Warren,42.59,-82.91,13.513,1.901
1770-05-01,Warsaw,52.24,21.02,12.955,1.883
1770-05-01,Washington,39.38,-76.99,16.625999999999998,1.6119999999999999
1770-05-01,Waterbury,40.99,-72.43,12.635000000000002,1.608
1770-05-01,Waterloo,44.2,-80.5,11.120999999999999,1.867
1770-05-01,Watford,52.24,0.0,10.672,2.112
1770-05-01,West Bromwich,52.24,-2.63,10.0,2.259
1770-05-01,Wichita,37.78,-97.63,0.0,0.0
1770-05-01,Wiesbaden,50.63,8.87,12.629000000000001,2.263
1770-05-01,Windsor,42.59,-82.91,13.513,1.901
1770-05-01,Winnipeg,50.63,-97.61,0.0,0.0
1770-05-01,Winston Salem,36.17,-79.56,18.8,1.709
1770-05-01,Witten,52.24,7.880000000000001,12.62,1.992
1770-05-01,Wloclawek,52.24,18.39,13.268,1.9080000000000001
1770-05-01,Wolfsburg,52.24,10.51,12.406,2.0180000000000002
1770-05-01,Wolverhampton,52.24,-2.63,10.0,2.259
1770-05-01,Worcester,42.59,-72.0,12.317,1.692
1770-05-01,Worcester,52.24,-2.63,10.0,2.259
1770-05-01,Wroclaw,50.63,16.48,11.86,1.9509999999999998
1770-05-01,Wuppertal,50.63,6.34,12.515,2.077
1770-05-01,Würzburg,49.03,9.8,13.32,2.082
1770-05-01,Yaroslavl,57.05,39.84,10.603,2.161
1770-05-01,Yelets,52.24,39.42,13.015999999999998,2.25
1770-05-01,Yevpatoriya,45.81,33.46,14.655,2.046
1770-05-01,Yonkers,40.99,-74.56,14.3,1.6019999999999999
1770-05-01,York,53.84,-1.36,9.743,2.2359999999999998
1770-05-01,Zaanstad,52.24,5.26,11.94,1.83
1770-05-01,Zabrze,50.63,19.01,12.99,1.92
1770-05-01,Zagreb,45.81,15.0,13.649000000000001,1.916
1770-05-01,Zaporizhzhya,47.42,34.34,14.599,2.099
1770-05-01,Zaragoza,40.99,0.0,16.026,1.964
1770-05-01,Zelenodolsk,55.45,48.19,12.008,2.434
1770-05-01,Zelenograd,55.45,36.85,11.208,2.0909999999999997
1770-05-01,Zenica,44.2,17.89,13.042,1.963
1770-05-01,Zhukovskiy,55.45,36.85,11.208,2.0909999999999997
1770-05-01,Zhytomyr,50.63,29.15,13.218,1.992
1770-05-01,Zielona Gora,52.24,15.77,13.489,1.935
1770-05-01,Zoetermeer,52.24,5.26,11.94,1.83
1770-05-01,Zonguldak,40.99,31.95,13.558,1.935
1770-05-01,Zurich,47.42,8.29,10.878,2.082
1770-05-01,Zuwarah,32.95,12.45,20.183,2.0180000000000002
1770-05-01,Zwolle,52.24,5.26,11.94,1.83
1770-05-01,Århus,57.05,10.33,11.125,1.804
1770-05-01,Çorlu,40.99,27.69,15.511,1.925
1770-05-01,Çorum,40.99,34.08,12.904000000000002,1.9509999999999998
